139950080.00, 0, 0, 0.3916, 0.3916, 0.3915, 0.3915, 0.3915, 0.3916, 0.3916, 0.3916, 0.3915, 0.3915
139950080.00, 0, 8, 0.3915, 0.3915, 0.3915, 0.3913, 0.3913, 0.3915, 0.3917, 0.3916, 0.3916, 0.3914
139950080.00, 0, 16, 0.3916, 0.3915, 0.3915, 0.3915, 0.3915, 0.3914, 0.3915, 0.3915, 0.3916, 0.3916
139950080.00, 0, 24, 0.3916, 0.3917, 0.3917, 0.3917, 0.3917, 0.3918, 0.3918, 0.3917, 0.3917, 0.3916
139950080.00, 0, 32, 0.3917, 0.3916, 0.3922, 0.3918, 0.3918, 0.3917, 0.3919, 0.3917, 0.3916, 0.3917
139950080.00, 0, 40, 0.3917, 0.3919, 0.3918, 0.3916, 0.3917, 0.3916, 0.3917, 0.3917, 0.3917, 0.3918
139950080.00, 0, 48, 0.3917, 0.3918, 0.3918, 0.3918, 0.3918, 0.3917, 0.3917, 0.3918, 0.3918, 0.3918
139950080.00, 0, 56, 0.3918, 0.3918, 0.3918, 0.3918, 0.3917, 0.3918, 0.3918, 0.3919, 0.3919, 0.3918
139950080.00, 0, 64, 0.3918, 0.3918, 0.3917, 0.3919, 0.3917, 0.3917, 0.3918, 0.3918, 0.3918, 0.3918
139950080.00, 0, 72, 0.3918, 0.3918, 0.3918, 0.3919, 0.3918, 0.3918, 0.3918, 0.3917, 0.3916, 0.3918
139950080.00, 0, 80, 0.3917, 0.3918, 0.3916, 0.3916, 0.3919, 0.3917, 0.3916, 0.3917, 0.3917, 0.3917
139950080.00, 0, 88, 0.3917, 0.3916, 0.3918, 0.3918, 0.3918, 0.3918, 0.3917, 0.3917, 0.3918, 0.3919
139950080.00, 0, 96, 0.3918, 0.3919, 0.3918, 0.3918, 0.3921, 0.3918, 0.3918, 0.3918, 0.3918, 0.3918
139950080.00, 0, 104, 0.3918, 0.3919, 0.3917, 0.3917, 0.3922, 0.3918, 0.3918, 0.3919, 0.3918, 0.3918
139950080.00, 0, 112, 0.3919, 0.3919, 0.3918, 0.3917, 0.3919, 0.3917, 0.3918, 0.3921, 0.3919, 0.3918
139950080.00, 0, 120, 0.3918, 0.3917, 0.3918, 0.3918, 0.3919, 0.3919, 0.3917, 0.3918, 0.3919, 0.3918
139950080.00, 0, 128, 0.3919, 0.3917, 0.3918, 0.3918, 0.3917, 0.3919, 0.3917, 0.3917, 0.3919, 0.3918
139950080.00, 8, 0, 0.3918, 0.3917, 0.3918, 0.3919, 0.3920, 0.3921, 0.3919, 0.3919, 0.3921, 0.3920
139950080.00, 8, 8, 0.2402, 0.2403, 0.2402, 0.2403, 0.2403, 0.2405, 0.2403, 0.2406, 0.2403, 0.2404
139950080.00, 8, 16, 0.2572, 0.2585, 0.2582, 0.2575, 0.2572, 0.2576, 0.2577, 0.2572, 0.2570, 0.2574
139950080.00, 8, 24, 0.2499, 0.2501, 0.2510, 0.2503, 0.2509, 0.2501, 0.2501, 0.2503, 0.2500, 0.2500
139950080.00, 8, 32, 0.3200, 0.2597, 0.2462, 0.2463, 0.2463, 0.2465, 0.2463, 0.2464, 0.2464, 0.2463
139950080.00, 8, 40, 0.2448, 0.2445, 0.2446, 0.2455, 0.2449, 0.2818, 0.2448, 0.2447, 0.2452, 0.2445
139950080.00, 8, 48, 0.2432, 0.2432, 0.2432, 0.2432, 0.2432, 0.2433, 0.2433, 0.2433, 0.2433, 0.2433
139950080.00, 8, 56, 0.2425, 0.2427, 0.2427, 0.2426, 0.2428, 0.2428, 0.2429, 0.2428, 0.2426, 0.2428
139950080.00, 8, 64, 0.2416, 0.2415, 0.2415, 0.2416, 0.2416, 0.2415, 0.2416, 0.2416, 0.2416, 0.2416
139950080.00, 8, 72, 0.2418, 0.2417, 0.2417, 0.2417, 0.2417, 0.2418, 0.2418, 0.2418, 0.2418, 0.2420
139950080.00, 8, 80, 0.2421, 0.2422, 0.2424, 0.2422, 0.2422, 0.2422, 0.2422, 0.2420, 0.2420, 0.2421
139950080.00, 8, 88, 0.2424, 0.2424, 0.2424, 0.2424, 0.2424, 0.2425, 0.2425, 0.2426, 0.2424, 0.2424
139950080.00, 8, 96, 0.2425, 0.2426, 0.2426, 0.2427, 0.2426, 0.2426, 0.2425, 0.2424, 0.2425, 0.2425
139950080.00, 8, 104, 0.2417, 0.2417, 0.2419, 0.2418, 0.2419, 0.2417, 0.2416, 0.2417, 0.2420, 0.2418
139950080.00, 8, 112, 0.2417, 0.2418, 0.2419, 0.2417, 0.2419, 0.2422, 0.2420, 0.2421, 0.2419, 0.2420
139950080.00, 8, 120, 0.2414, 0.2412, 0.2413, 0.2413, 0.2413, 0.2414, 0.2412, 0.2413, 0.2413, 0.2412
139950080.00, 8, 128, 0.2412, 0.2411, 0.2412, 0.2415, 0.2411, 0.2414, 0.2412, 0.2411, 0.2413, 0.2412
139950080.00, 16, 0, 0.3918, 0.3917, 0.3916, 0.3916, 0.3916, 0.3916, 0.3915, 0.3918, 0.3916, 0.3917
139950080.00, 16, 8, 0.2435, 0.2438, 0.2438, 0.2437, 0.2436, 0.2437, 0.2436, 0.2436, 0.2436, 0.2437
139950080.00, 16, 16, 0.2334, 0.2334, 0.2335, 0.2334, 0.2335, 0.2334, 0.2334, 0.2334, 0.2335, 0.2334
139950080.00, 16, 24, 0.2301, 0.2298, 0.2299, 0.2299, 0.2299, 0.2298, 0.2299, 0.2299, 0.2299, 0.2299
139950080.00, 16, 32, 0.2283, 0.2282, 0.2282, 0.2283, 0.2281, 0.2283, 0.2282, 0.2282, 0.2282, 0.2283
139950080.00, 16, 40, 0.2272, 0.2271, 0.2272, 0.2272, 0.2272, 0.2272, 0.2273, 0.2275, 0.2271, 0.2272
139950080.00, 16, 48, 0.2263, 0.2264, 0.2266, 0.2264, 0.2265, 0.2263, 0.2263, 0.2264, 0.2263, 0.2263
139950080.00, 16, 56, 0.2261, 0.2261, 0.2261, 0.2261, 0.2261, 0.2262, 0.2261, 0.2260, 0.2261, 0.2261
139950080.00, 16, 64, 0.2257, 0.2258, 0.2258, 0.2257, 0.2257, 0.2257, 0.2257, 0.2257, 0.2257, 0.2258
139950080.00, 16, 72, 0.2260, 0.2260, 0.2262, 0.2261, 0.2262, 0.2260, 0.2261, 0.2260, 0.2261, 0.2260
139950080.00, 16, 80, 0.2285, 0.2276, 0.2262, 0.2263, 0.2260, 0.2260, 0.2260, 0.2261, 0.2260, 0.2268
139950080.00, 16, 88, 0.2263, 0.2264, 0.2263, 0.2262, 0.2263, 0.2263, 0.2264, 0.2262, 0.2261, 0.2261
139950080.00, 16, 96, 0.2262, 0.2261, 0.2262, 0.2261, 0.2263, 0.2263, 0.2262, 0.2262, 0.2264, 0.2262
139950080.00, 16, 104, 0.2258, 0.2258, 0.2258, 0.2259, 0.2259, 0.2258, 0.2259, 0.2258, 0.2258, 0.2259
139950080.00, 16, 112, 0.2258, 0.2258, 0.2259, 0.2258, 0.2258, 0.2259, 0.2259, 0.2258, 0.2258, 0.2261
139950080.00, 16, 120, 0.2255, 0.2256, 0.2255, 0.2256, 0.2256, 0.2255, 0.2256, 0.2256, 0.2255, 0.2254
139950080.00, 16, 128, 0.2256, 0.2254, 0.2254, 0.2255, 0.2254, 0.2255, 0.2254, 0.2254, 0.2254, 0.2255
139950080.00, 24, 0, 0.3917, 0.3915, 0.3915, 0.3916, 0.3917, 0.3916, 0.3918, 0.3916, 0.3918, 0.3918
139950080.00, 24, 8, 0.2336, 0.2339, 0.2336, 0.2336, 0.2336, 0.2335, 0.2336, 0.2337, 0.2336, 0.2334
139950080.00, 24, 16, 0.2263, 0.2264, 0.2262, 0.2263, 0.2263, 0.2264, 0.2263, 0.2264, 0.2263, 0.2263
139950080.00, 24, 24, 0.2239, 0.2239, 0.2238, 0.2238, 0.2240, 0.2239, 0.2239, 0.2238, 0.2238, 0.2239
139950080.00, 24, 32, 0.2227, 0.2225, 0.2227, 0.2226, 0.2226, 0.2227, 0.2228, 0.2226, 0.2227, 0.2228
139950080.00, 24, 40, 0.2220, 0.2221, 0.2221, 0.2220, 0.2223, 0.2223, 0.2222, 0.2224, 0.2223, 0.2220
139950080.00, 24, 48, 0.2216, 0.2217, 0.2216, 0.2217, 0.2219, 0.2217, 0.2217, 0.2217, 0.2217, 0.2216
139950080.00, 24, 56, 0.2214, 0.2214, 0.2214, 0.2214, 0.2214, 0.2213, 0.2210, 0.2210, 0.2213, 0.2213
139950080.00, 24, 64, 0.2208, 0.2208, 0.2209, 0.2209, 0.2207, 0.2208, 0.2208, 0.2209, 0.2207, 0.2209
139950080.00, 24, 72, 0.2207, 0.2207, 0.2207, 0.2209, 0.2209, 0.2206, 0.2208, 0.2207, 0.2206, 0.2208
139950080.00, 24, 80, 0.2208, 0.2207, 0.2207, 0.2206, 0.2206, 0.2206, 0.2206, 0.2207, 0.2208, 0.2206
139950080.00, 24, 88, 0.2206, 0.2209, 0.2207, 0.2205, 0.2206, 0.2205, 0.2214, 0.2209, 0.2207, 0.2206
139950080.00, 24, 96, 0.2206, 0.2207, 0.2206, 0.2206, 0.2207, 0.2207, 0.2208, 0.2206, 0.2207, 0.2208
139950080.00, 24, 104, 0.2204, 0.2203, 0.2204, 0.2204, 0.2203, 0.2204, 0.2205, 0.2204, 0.2204, 0.2207
139950080.00, 24, 112, 0.2207, 0.2204, 0.2203, 0.2204, 0.2204, 0.2204, 0.2203, 0.2206, 0.2203, 0.2203
139950080.00, 24, 120, 0.2201, 0.2201, 0.2202, 0.2203, 0.2201, 0.2206, 0.2203, 0.2201, 0.2203, 0.2203
139950080.00, 24, 128, 0.2202, 0.2201, 0.2204, 0.2203, 0.2203, 0.2205, 0.2202, 0.2203, 0.2201, 0.2202
139950080.00, 32, 0, 0.3919, 0.3919, 0.3917, 0.3918, 0.3917, 0.3917, 0.3919, 0.3919, 0.3917, 0.3918
139950080.00, 32, 8, 0.2284, 0.2285, 0.2285, 0.2287, 0.2285, 0.2285, 0.2286, 0.2285, 0.2285, 0.2285
139950080.00, 32, 16, 0.2223, 0.2223, 0.2224, 0.2233, 0.2222, 0.2222, 0.2222, 0.2223, 0.2225, 0.2222
139950080.00, 32, 24, 0.2203, 0.2203, 0.2201, 0.2203, 0.2204, 0.2203, 0.2202, 0.2203, 0.2203, 0.2202
139950080.00, 32, 32, 0.2192, 0.2193, 0.2193, 0.2191, 0.2191, 0.2191, 0.2191, 0.2191, 0.2192, 0.2193
139950080.00, 32, 40, 0.2188, 0.2189, 0.2190, 0.2188, 0.2188, 0.2188, 0.2189, 0.2189, 0.2189, 0.2188
139950080.00, 32, 48, 0.2187, 0.2184, 0.2184, 0.2185, 0.2184, 0.2184, 0.2183, 0.2185, 0.2184, 0.2185
139950080.00, 32, 56, 0.2182, 0.2182, 0.2182, 0.2182, 0.2182, 0.2185, 0.2184, 0.2183, 0.2184, 0.2183
139950080.00, 32, 64, 0.2180, 0.2179, 0.2180, 0.2179, 0.2180, 0.2179, 0.2180, 0.2181, 0.2180, 0.2179
139950080.00, 32, 72, 0.2180, 0.2180, 0.2181, 0.2181, 0.2180, 0.2180, 0.2182, 0.2180, 0.2180, 0.2180
139950080.00, 32, 80, 0.2180, 0.2181, 0.2181, 0.2181, 0.2182, 0.2181, 0.2181, 0.2181, 0.2180, 0.2180
139950080.00, 32, 88, 0.2184, 0.2179, 0.2180, 0.2180, 0.2180, 0.2182, 0.2182, 0.2180, 0.2181, 0.2182
139950080.00, 32, 96, 0.2181, 0.2180, 0.2181, 0.2183, 0.2180, 0.2181, 0.2180, 0.2180, 0.2180, 0.2180
139950080.00, 32, 104, 0.2178, 0.2177, 0.2178, 0.2187, 0.2178, 0.2177, 0.2177, 0.2178, 0.2177, 0.2178
139950080.00, 32, 112, 0.2178, 0.2177, 0.2177, 0.2177, 0.2177, 0.2178, 0.2178, 0.2186, 0.2177, 0.2176
139950080.00, 32, 120, 0.2177, 0.2178, 0.2175, 0.2175, 0.2176, 0.2177, 0.2176, 0.2177, 0.2176, 0.2176
139950080.00, 32, 128, 0.2176, 0.2176, 0.2175, 0.2175, 0.2176, 0.2175, 0.2176, 0.2176, 0.2175, 0.2177
139950080.00, 40, 0, 0.3922, 0.3919, 0.3918, 0.3919, 0.3918, 0.3918, 0.3918, 0.3917, 0.3918, 0.3918
139950080.00, 40, 8, 0.2247, 0.2246, 0.2246, 0.2246, 0.2245, 0.2245, 0.2246, 0.2247, 0.2245, 0.2245
139950080.00, 40, 16, 0.2194, 0.2194, 0.2194, 0.2194, 0.2194, 0.2194, 0.2194, 0.2194, 0.2196, 0.2194
139950080.00, 40, 24, 0.2182, 0.2181, 0.2186, 0.2181, 0.2181, 0.2182, 0.2181, 0.2180, 0.2183, 0.2181
139950080.00, 40, 32, 0.2171, 0.2174, 0.2170, 0.2171, 0.2171, 0.2172, 0.2172, 0.2171, 0.2171, 0.2170
139950080.00, 40, 40, 0.2168, 0.2167, 0.2168, 0.2168, 0.2169, 0.2168, 0.2169, 0.2168, 0.2167, 0.2168
139950080.00, 40, 48, 0.2164, 0.2164, 0.2165, 0.2165, 0.2164, 0.2166, 0.2165, 0.2164, 0.2164, 0.2164
139950080.00, 40, 56, 0.2163, 0.2163, 0.2164, 0.2166, 0.2163, 0.2163, 0.2164, 0.2163, 0.2164, 0.2164
139950080.00, 40, 64, 0.2162, 0.2162, 0.2162, 0.2164, 0.2162, 0.2162, 0.2162, 0.2162, 0.2162, 0.2166
139950080.00, 40, 72, 0.2162, 0.2162, 0.2162, 0.2161, 0.2163, 0.2161, 0.2162, 0.2161, 0.2162, 0.2162
139950080.00, 40, 80, 0.2161, 0.2161, 0.2163, 0.2162, 0.2161, 0.2161, 0.2161, 0.2161, 0.2162, 0.2162
139950080.00, 40, 88, 0.2160, 0.2160, 0.2160, 0.2160, 0.2159, 0.2160, 0.2159, 0.2160, 0.2160, 0.2162
139950080.00, 40, 96, 0.2168, 0.2160, 0.2159, 0.2158, 0.2159, 0.2160, 0.2160, 0.2160, 0.2159, 0.2159
139950080.00, 40, 104, 0.2158, 0.2159, 0.2158, 0.2158, 0.2158, 0.2158, 0.2159, 0.2159, 0.2160, 0.2160
139950080.00, 40, 112, 0.2157, 0.2157, 0.2157, 0.2157, 0.2158, 0.2158, 0.2157, 0.2157, 0.2157, 0.2157
139950080.00, 40, 120, 0.2157, 0.2156, 0.2156, 0.2156, 0.2157, 0.2156, 0.2157, 0.2157, 0.2157, 0.2157
139950080.00, 40, 128, 0.2157, 0.2157, 0.2157, 0.2157, 0.2157, 0.2157, 0.2157, 0.2156, 0.2158, 0.2157
139950080.00, 48, 0, 0.3917, 0.3915, 0.3917, 0.3917, 0.3917, 0.3917, 0.3917, 0.3915, 0.3917, 0.3919
139950080.00, 48, 8, 0.2405, 0.2405, 0.2407, 0.2405, 0.2405, 0.2405, 0.2405, 0.2405, 0.2404, 0.2405
139950080.00, 48, 16, 0.2340, 0.2341, 0.2341, 0.2341, 0.2340, 0.2341, 0.2340, 0.2341, 0.2341, 0.2339
139950080.00, 48, 24, 0.2324, 0.2324, 0.2324, 0.2324, 0.2323, 0.2324, 0.2324, 0.2323, 0.2325, 0.2324
139950080.00, 48, 32, 0.2315, 0.2315, 0.2315, 0.2315, 0.2315, 0.2316, 0.2315, 0.2316, 0.2316, 0.2316
139950080.00, 48, 40, 0.2313, 0.2313, 0.2313, 0.2313, 0.2312, 0.2311, 0.2312, 0.2312, 0.2312, 0.2312
139950080.00, 48, 48, 0.2309, 0.2311, 0.2311, 0.2312, 0.2309, 0.2309, 0.2309, 0.2311, 0.2309, 0.2308
139950080.00, 48, 56, 0.2307, 0.2308, 0.2307, 0.2307, 0.2307, 0.2308, 0.2307, 0.2309, 0.2308, 0.2308
139950080.00, 48, 64, 0.2306, 0.2306, 0.2306, 0.2306, 0.2306, 0.2306, 0.2306, 0.2305, 0.2306, 0.2305
139950080.00, 48, 72, 0.2305, 0.2305, 0.2306, 0.2307, 0.2305, 0.2305, 0.2305, 0.2306, 0.2307, 0.2305
139950080.00, 48, 80, 0.2304, 0.2305, 0.2306, 0.2304, 0.2305, 0.2305, 0.2305, 0.2305, 0.2305, 0.2304
139950080.00, 48, 88, 0.2304, 0.2304, 0.2305, 0.2304, 0.2304, 0.2305, 0.2305, 0.2305, 0.2305, 0.2306
139950080.00, 48, 96, 0.2306, 0.2306, 0.2305, 0.2306, 0.2311, 0.2306, 0.2307, 0.2307, 0.2306, 0.2307
139950080.00, 48, 104, 0.2307, 0.2307, 0.2307, 0.2308, 0.2307, 0.2307, 0.2308, 0.2308, 0.2307, 0.2307
139950080.00, 48, 112, 0.2315, 0.2316, 0.2316, 0.2318, 0.2316, 0.2316, 0.2318, 0.2316, 0.2315, 0.2315
139950080.00, 48, 120, 0.2320, 0.2320, 0.2320, 0.2321, 0.2321, 0.2320, 0.2319, 0.2320, 0.2320, 0.2321
139950080.00, 48, 128, 0.2326, 0.2329, 0.2327, 0.2325, 0.2325, 0.2324, 0.2325, 0.2326, 0.2338, 0.2332
139950080.00, 56, 0, 0.3919, 0.3915, 0.3915, 0.3915, 0.3914, 0.3915, 0.3916, 0.3914, 0.3916, 0.3917
139950080.00, 56, 8, 0.2725, 0.2729, 0.2725, 0.2724, 0.2725, 0.2725, 0.2725, 0.2726, 0.2725, 0.2724
139950080.00, 56, 16, 0.2684, 0.2683, 0.2684, 0.2683, 0.2684, 0.2691, 0.2686, 0.2684, 0.2684, 0.2684
139950080.00, 56, 24, 0.2672, 0.2671, 0.2673, 0.2671, 0.2672, 0.2672, 0.2674, 0.2672, 0.2672, 0.2671
139950080.00, 56, 32, 0.2666, 0.2667, 0.2666, 0.2665, 0.2665, 0.2665, 0.2666, 0.2666, 0.2666, 0.2667
139950080.00, 56, 40, 0.2665, 0.2662, 0.2662, 0.2663, 0.2663, 0.2663, 0.2664, 0.2663, 0.2662, 0.2662
139950080.00, 56, 48, 0.2660, 0.2660, 0.2662, 0.2663, 0.2661, 0.2660, 0.2661, 0.2660, 0.2661, 0.2660
139950080.00, 56, 56, 0.2660, 0.2660, 0.2660, 0.2660, 0.2660, 0.2660, 0.2660, 0.2661, 0.2661, 0.2659
139950080.00, 56, 64, 0.2659, 0.2660, 0.2659, 0.2660, 0.2659, 0.2660, 0.2660, 0.2660, 0.2660, 0.2665
139950080.00, 56, 72, 0.2661, 0.2662, 0.2663, 0.2662, 0.2662, 0.2662, 0.2662, 0.2662, 0.2662, 0.2662
139950080.00, 56, 80, 0.2666, 0.2666, 0.2666, 0.2665, 0.2667, 0.2666, 0.2666, 0.2666, 0.2666, 0.2666
139950080.00, 56, 88, 0.2678, 0.2679, 0.2679, 0.2679, 0.2678, 0.2678, 0.2681, 0.2681, 0.2678, 0.2679
139950080.00, 56, 96, 0.2692, 0.2692, 0.2691, 0.2693, 0.2692, 0.2692, 0.2692, 0.2692, 0.2695, 0.2692
139950080.00, 56, 104, 0.2692, 0.2692, 0.2691, 0.2690, 0.2690, 0.2690, 0.2691, 0.2691, 0.2691, 0.2691
139950080.00, 56, 112, 0.2695, 0.2695, 0.2696, 0.2698, 0.2697, 0.2697, 0.2698, 0.2696, 0.2696, 0.2696
139950080.00, 56, 120, 0.2701, 0.2701, 0.2701, 0.2701, 0.2702, 0.2701, 0.2702, 0.2702, 0.2700, 0.2701
139950080.00, 56, 128, 0.2707, 0.2703, 0.2704, 0.2704, 0.2703, 0.2704, 0.2705, 0.2706, 0.2703, 0.2705
139950080.00, 64, 0, 0.3917, 0.3914, 0.3916, 0.3917, 0.3915, 0.3915, 0.3915, 0.3915, 0.3917, 0.3918
139950080.00, 64, 8, 0.2714, 0.2715, 0.2714, 0.2715, 0.2716, 0.2716, 0.2714, 0.2715, 0.2715, 0.2715
139950080.00, 64, 16, 0.2678, 0.2678, 0.2678, 0.2678, 0.2679, 0.2677, 0.2677, 0.2677, 0.2678, 0.2678
139950080.00, 64, 24, 0.2669, 0.2669, 0.2668, 0.2666, 0.2667, 0.2667, 0.2668, 0.2669, 0.2667, 0.2668
139950080.00, 64, 32, 0.2661, 0.2661, 0.2660, 0.2661, 0.2662, 0.2662, 0.2662, 0.2660, 0.2661, 0.2660
139950080.00, 64, 40, 0.2659, 0.2659, 0.2659, 0.2658, 0.2659, 0.2658, 0.2659, 0.2658, 0.2658, 0.2658
139950080.00, 64, 48, 0.2659, 0.2658, 0.2657, 0.2657, 0.2657, 0.2658, 0.2659, 0.2658, 0.2658, 0.2659
139950080.00, 64, 56, 0.2660, 0.2660, 0.2659, 0.2659, 0.2661, 0.2667, 0.2659, 0.2659, 0.2659, 0.2659
139950080.00, 64, 64, 0.2665, 0.2665, 0.2664, 0.2664, 0.2665, 0.2664, 0.2664, 0.2664, 0.2665, 0.2664
139950080.00, 64, 72, 0.2695, 0.2694, 0.2694, 0.2693, 0.2693, 0.2694, 0.2694, 0.2694, 0.2693, 0.2694
139950080.00, 64, 80, 0.2696, 0.2696, 0.2697, 0.2697, 0.2698, 0.2699, 0.2697, 0.2696, 0.2699, 0.2698
139950080.00, 64, 88, 0.2698, 0.2699, 0.2698, 0.2698, 0.2698, 0.2698, 0.2698, 0.2698, 0.2699, 0.2698
139950080.00, 64, 96, 0.2699, 0.2698, 0.2698, 0.2697, 0.2698, 0.2698, 0.2699, 0.2698, 0.2699, 0.2698
139950080.00, 64, 104, 0.2704, 0.2704, 0.2704, 0.2704, 0.2704, 0.2705, 0.2704, 0.2704, 0.2704, 0.2704
139950080.00, 64, 112, 0.2709, 0.2711, 0.2709, 0.2709, 0.2709, 0.2709, 0.2709, 0.2712, 0.2709, 0.2710
139950080.00, 64, 120, 0.2715, 0.2713, 0.2714, 0.2714, 0.2714, 0.2716, 0.2714, 0.2713, 0.2714, 0.2713
139950080.00, 64, 128, 0.2716, 0.2716, 0.2716, 0.2717, 0.2718, 0.2716, 0.2716, 0.2716, 0.2716, 0.2716
139950080.00, 72, 0, 0.3917, 0.3916, 0.3916, 0.3915, 0.3916, 0.3917, 0.3918, 0.3917, 0.3916, 0.3916
139950080.00, 72, 8, 0.2730, 0.2732, 0.2730, 0.2731, 0.2730, 0.2730, 0.2730, 0.2730, 0.2731, 0.2732
139950080.00, 72, 16, 0.2696, 0.2695, 0.2696, 0.2695, 0.2695, 0.2696, 0.2695, 0.2695, 0.2695, 0.2695
139950080.00, 72, 24, 0.2686, 0.2686, 0.2686, 0.2689, 0.2687, 0.2687, 0.2686, 0.2686, 0.2686, 0.2687
139950080.00, 72, 32, 0.2682, 0.2681, 0.2681, 0.2681, 0.2681, 0.2681, 0.2682, 0.2681, 0.2681, 0.2686
139950080.00, 72, 40, 0.2681, 0.2680, 0.2681, 0.2680, 0.2681, 0.2681, 0.2681, 0.2681, 0.2681, 0.2681
139950080.00, 72, 48, 0.2685, 0.2683, 0.2683, 0.2683, 0.2684, 0.2683, 0.2683, 0.2682, 0.2682, 0.2682
139950080.00, 72, 56, 0.2694, 0.2692, 0.2694, 0.2693, 0.2692, 0.2692, 0.2693, 0.2692, 0.2693, 0.2693
139950080.00, 72, 64, 0.2724, 0.2724, 0.2724, 0.2725, 0.2725, 0.2727, 0.2724, 0.2724, 0.2727, 0.2724
139950080.00, 72, 72, 0.2722, 0.2723, 0.2723, 0.2724, 0.2723, 0.2723, 0.2722, 0.2722, 0.2723, 0.2723
139950080.00, 72, 80, 0.2723, 0.2722, 0.2722, 0.2723, 0.2722, 0.2723, 0.2723, 0.2723, 0.2723, 0.2723
139950080.00, 72, 88, 0.2727, 0.2726, 0.2727, 0.2728, 0.2728, 0.2728, 0.2727, 0.2727, 0.2726, 0.2726
139950080.00, 72, 96, 0.2731, 0.2732, 0.2739, 0.2733, 0.2732, 0.2731, 0.2734, 0.2733, 0.2733, 0.2732
139950080.00, 72, 104, 0.2740, 0.2742, 0.2740, 0.2741, 0.2740, 0.2741, 0.2740, 0.2742, 0.2740, 0.2741
139950080.00, 72, 112, 0.2745, 0.2745, 0.2745, 0.2745, 0.2746, 0.2745, 0.2746, 0.2745, 0.2745, 0.2745
139950080.00, 72, 120, 0.2752, 0.2753, 0.2753, 0.2752, 0.2751, 0.2752, 0.2752, 0.2752, 0.2753, 0.2752
139950080.00, 72, 128, 0.2755, 0.2756, 0.2756, 0.2755, 0.2759, 0.2760, 0.2757, 0.2756, 0.2756, 0.2756
139950080.00, 80, 0, 0.3917, 0.3918, 0.3916, 0.3918, 0.3915, 0.3915, 0.3915, 0.3916, 0.3917, 0.3916
139950080.00, 80, 8, 0.2992, 0.2994, 0.2992, 0.2992, 0.2990, 0.2998, 0.2992, 0.2995, 0.2989, 0.2987
139950080.00, 80, 16, 0.2897, 0.2905, 0.2904, 0.2889, 0.2893, 0.2894, 0.2888, 0.2900, 0.2893, 0.2879
139950080.00, 80, 24, 0.2855, 0.2870, 0.2874, 0.2866, 0.2872, 0.2868, 0.2861, 0.2861, 0.2864, 0.2859
139950080.00, 80, 32, 0.2838, 0.2862, 0.2849, 0.2849, 0.2844, 0.2841, 0.2856, 0.2842, 0.2815, 0.2836
139950080.00, 80, 40, 0.2797, 0.2808, 0.2784, 0.2848, 0.2837, 0.2854, 0.2798, 0.2774, 0.2819, 0.2852
139950080.00, 80, 48, 0.2884, 0.2866, 0.2865, 0.2883, 0.2843, 0.2880, 0.2865, 0.2857, 0.2830, 0.2823
139950080.00, 80, 56, 0.2886, 0.2880, 0.2869, 0.2897, 0.3152, 0.2866, 0.2866, 0.2824, 0.2830, 0.2870
139950080.00, 80, 64, 0.2845, 0.2863, 0.2835, 0.2858, 0.2830, 0.2865, 0.2851, 0.2866, 0.2827, 0.2833
139950080.00, 80, 72, 0.2831, 0.2829, 0.2827, 0.2826, 0.2847, 0.2820, 0.2816, 0.2834, 0.2824, 0.2824
139950080.00, 80, 80, 0.2844, 0.2841, 0.2846, 0.2822, 0.2824, 0.2824, 0.2832, 0.2820, 0.2829, 0.2872
139950080.00, 80, 88, 0.3703, 0.2844, 0.2821, 0.2854, 0.2802, 0.2808, 0.2844, 0.2806, 0.2826, 0.2840
139950080.00, 80, 96, 0.2828, 0.2815, 0.2816, 0.2818, 0.2822, 0.2804, 0.2840, 0.2823, 0.2829, 0.2827
139950080.00, 80, 104, 0.2839, 0.2848, 0.2828, 0.2879, 0.2825, 0.2849, 0.2858, 0.2826, 0.2823, 0.2817
139950080.00, 80, 112, 0.2837, 0.2838, 0.2831, 0.2857, 0.2836, 0.2839, 0.2837, 0.2856, 0.2847, 0.2859
139950080.00, 80, 120, 0.2834, 0.2854, 0.2814, 0.2841, 0.2821, 0.2843, 0.2813, 0.2881, 0.2839, 0.2829
139950080.00, 80, 128, 0.2849, 0.2885, 0.2842, 0.2859, 0.2792, 0.2789, 0.2841, 0.2765, 0.2780, 0.2752
139950080.00, 88, 0, 0.3918, 0.3916, 0.3920, 0.3918, 0.3916, 0.3916, 0.3916, 0.3917, 0.3915, 0.3916
139950080.00, 88, 8, 0.2717, 0.2725, 0.2709, 0.2709, 0.2710, 0.2711, 0.2709, 0.2711, 0.2715, 0.2712
139950080.00, 88, 16, 0.2680, 0.2679, 0.2679, 0.2680, 0.2680, 0.2680, 0.2679, 0.2680, 0.2680, 0.2679
139950080.00, 88, 24, 0.2673, 0.2672, 0.2672, 0.2671, 0.2671, 0.2672, 0.2671, 0.2671, 0.2674, 0.2671
139950080.00, 88, 32, 0.2670, 0.2669, 0.2670, 0.2670, 0.2671, 0.2676, 0.2696, 0.2697, 0.2697, 0.2670
139950080.00, 88, 40, 0.2692, 0.2703, 0.2696, 0.2717, 0.2703, 0.2703, 0.2690, 0.2690, 0.2680, 0.2679
139950080.00, 88, 48, 0.2708, 0.2706, 0.2706, 0.2706, 0.2706, 0.2706, 0.2706, 0.2706, 0.2707, 0.2706
139950080.00, 88, 56, 0.2712, 0.2712, 0.2712, 0.2712, 0.2712, 0.2716, 0.2730, 0.2740, 0.2736, 0.2738
139950080.00, 88, 64, 0.2714, 0.2717, 0.2715, 0.2736, 0.2738, 0.2723, 0.2747, 0.2737, 0.2718, 0.2739
139950080.00, 88, 72, 0.2733, 0.2740, 0.2727, 0.2738, 0.2717, 0.2715, 0.2716, 0.2715, 0.2730, 0.2734
139950080.00, 88, 80, 0.2722, 0.2722, 0.2722, 0.2721, 0.2736, 0.2734, 0.2740, 0.2742, 0.2747, 0.2722
139950080.00, 88, 88, 0.2734, 0.2733, 0.2734, 0.2733, 0.2733, 0.2735, 0.2733, 0.2733, 0.2733, 0.2737
139950080.00, 88, 96, 0.2741, 0.2742, 0.2745, 0.2754, 0.2748, 0.2744, 0.2741, 0.2744, 0.2740, 0.2747
139950080.00, 88, 104, 0.2762, 0.2768, 0.2749, 0.2749, 0.2745, 0.2761, 0.2755, 0.2770, 0.2756, 0.2764
139950080.00, 88, 112, 0.2752, 0.2762, 0.2757, 0.2753, 0.2756, 0.2748, 0.2748, 0.2761, 0.2750, 0.2746
139950080.00, 88, 120, 0.2755, 0.2771, 0.2769, 0.2770, 0.2750, 0.2765, 0.2754, 0.2749, 0.2748, 0.2748
139950080.00, 88, 128, 0.2745, 0.2746, 0.2746, 0.2749, 0.2747, 0.2745, 0.2745, 0.2746, 0.2747, 0.2754
139950080.00, 96, 0, 0.3919, 0.3916, 0.3916, 0.3918, 0.3916, 0.3917, 0.3916, 0.3917, 0.3918, 0.3918
139950080.00, 96, 8, 0.3046, 0.3065, 0.2960, 0.2961, 0.2959, 0.2961, 0.2963, 0.2960, 0.2959, 0.2962
139950080.00, 96, 16, 0.2947, 0.2960, 0.2934, 0.2920, 0.2922, 0.2920, 0.2920, 0.2921, 0.2918, 0.2930
139950080.00, 96, 24, 0.2934, 0.2910, 0.2912, 0.2908, 0.2913, 0.2915, 0.2917, 0.2910, 0.2913, 0.2910
139950080.00, 96, 32, 0.2940, 0.2943, 0.2943, 0.2904, 0.2928, 0.2906, 0.2903, 0.2906, 0.2900, 0.2906
139950080.00, 96, 40, 0.2915, 0.2915, 0.2914, 0.2914, 0.2912, 0.2920, 0.2917, 0.2915, 0.2913, 0.2915
139950080.00, 96, 48, 0.2930, 0.2928, 0.2924, 0.2917, 0.2919, 0.2947, 0.2961, 0.2946, 0.2927, 0.2930
139950080.00, 96, 56, 0.2930, 0.2929, 0.2927, 0.2926, 0.2930, 0.2930, 0.2929, 0.2928, 0.2931, 0.2928
139950080.00, 96, 64, 0.2929, 0.2928, 0.2927, 0.2926, 0.2927, 0.2927, 0.2928, 0.2931, 0.2930, 0.2928
139950080.00, 96, 72, 0.2924, 0.2919, 0.2928, 0.2921, 0.2925, 0.2919, 0.2920, 0.2926, 0.2928, 0.2922
139950080.00, 96, 80, 0.2935, 0.2940, 0.2979, 0.2979, 0.2957, 0.2942, 0.2934, 0.2941, 0.2937, 0.2942
139950080.00, 96, 88, 0.2952, 0.2957, 0.2951, 0.2946, 0.2951, 0.2953, 0.2944, 0.2948, 0.2944, 0.2951
139950080.00, 96, 96, 0.2981, 0.2984, 0.2949, 0.2952, 0.2949, 0.2946, 0.2947, 0.2947, 0.2949, 0.2948
139950080.00, 96, 104, 0.2947, 0.2951, 0.2952, 0.2956, 0.2943, 0.2953, 0.2949, 0.2953, 0.2956, 0.2943
139950080.00, 96, 112, 0.2953, 0.2951, 0.2967, 0.2983, 0.2975, 0.2956, 0.2952, 0.2950, 0.2944, 0.2944
139950080.00, 96, 120, 0.2947, 0.2949, 0.2948, 0.2952, 0.2951, 0.2950, 0.2949, 0.2950, 0.2956, 0.2947
139950080.00, 96, 128, 0.2944, 0.2951, 0.2944, 0.2940, 0.2945, 0.2946, 0.2944, 0.2940, 0.2939, 0.2963
139950080.00, 104, 0, 0.3919, 0.3917, 0.3918, 0.3917, 0.3917, 0.3917, 0.3917, 0.3918, 0.3917, 0.3918
139950080.00, 104, 8, 0.2978, 0.2974, 0.2975, 0.2976, 0.2979, 0.2981, 0.2975, 0.2974, 0.2977, 0.2971
139950080.00, 104, 16, 0.2943, 0.2942, 0.2935, 0.2939, 0.2939, 0.2939, 0.2940, 0.2936, 0.2939, 0.2939
139950080.00, 104, 24, 0.2929, 0.2924, 0.2925, 0.2927, 0.2932, 0.2923, 0.2921, 0.2932, 0.2926, 0.2928
139950080.00, 104, 32, 0.2929, 0.2929, 0.2931, 0.2939, 0.2925, 0.2933, 0.2936, 0.2929, 0.2931, 0.2932
139950080.00, 104, 40, 0.2946, 0.2940, 0.2935, 0.2944, 0.2945, 0.2946, 0.2942, 0.2942, 0.2941, 0.2936
139950080.00, 104, 48, 0.2946, 0.2946, 0.2924, 0.2919, 0.2931, 0.2940, 0.2930, 0.2938, 0.2944, 0.2959
139950080.00, 104, 56, 0.2949, 0.2937, 0.2941, 0.2936, 0.2924, 0.2928, 0.2940, 0.2942, 0.2937, 0.2940
139950080.00, 104, 64, 0.2953, 0.2949, 0.2949, 0.2949, 0.2941, 0.2949, 0.2939, 0.2954, 0.2946, 0.2937
139950080.00, 104, 72, 0.2940, 0.2947, 0.2949, 0.2942, 0.2948, 0.2944, 0.2943, 0.2943, 0.2946, 0.2939
139950080.00, 104, 80, 0.2941, 0.2949, 0.2958, 0.2949, 0.2950, 0.2955, 0.2957, 0.2944, 0.2947, 0.2953
139950080.00, 104, 88, 0.2960, 0.2960, 0.2953, 0.2958, 0.2950, 0.2955, 0.2957, 0.2954, 0.2955, 0.2948
139950080.00, 104, 96, 0.2953, 0.2949, 0.2951, 0.2957, 0.2955, 0.2950, 0.2957, 0.2957, 0.2946, 0.2951
139950080.00, 104, 104, 0.2959, 0.2960, 0.2958, 0.2958, 0.2957, 0.2961, 0.2962, 0.2960, 0.2960, 0.2961
139950080.00, 104, 112, 0.2946, 0.2949, 0.2959, 0.2952, 0.2948, 0.2953, 0.2946, 0.2952, 0.2955, 0.2952
139950080.00, 104, 120, 0.2953, 0.2953, 0.2943, 0.2954, 0.2945, 0.2948, 0.2950, 0.2956, 0.2958, 0.2950
139950080.00, 104, 128, 0.2941, 0.2943, 0.2951, 0.2950, 0.2950, 0.2950, 0.2946, 0.2944, 0.2941, 0.2954
139950080.00, 112, 0, 0.3918, 0.3916, 0.3915, 0.3916, 0.3916, 0.3916, 0.3915, 0.3915, 0.3915, 0.3915
139950080.00, 112, 8, 0.2927, 0.2923, 0.2927, 0.2925, 0.2924, 0.2929, 0.2928, 0.2926, 0.2925, 0.2930
139950080.00, 112, 16, 0.2894, 0.2895, 0.2897, 0.2895, 0.2894, 0.2878, 0.2876, 0.2877, 0.2878, 0.2879
139950080.00, 112, 24, 0.2877, 0.2876, 0.2874, 0.2876, 0.2875, 0.2878, 0.2891, 0.2889, 0.2889, 0.2888
139950080.00, 112, 32, 0.2907, 0.2903, 0.2906, 0.2903, 0.2907, 0.2904, 0.2904, 0.2905, 0.2903, 0.2906
139950080.00, 112, 40, 0.2908, 0.2906, 0.2891, 0.2894, 0.2894, 0.2895, 0.2895, 0.2903, 0.2899, 0.2898
139950080.00, 112, 48, 0.2899, 0.2908, 0.2908, 0.2910, 0.2912, 0.2915, 0.2913, 0.2917, 0.2915, 0.2914
139950080.00, 112, 56, 0.2920, 0.2919, 0.2915, 0.2937, 0.2947, 0.2940, 0.2920, 0.2923, 0.2933, 0.2921
139950080.00, 112, 64, 0.2927, 0.2927, 0.2929, 0.2926, 0.2929, 0.2966, 0.2965, 0.2932, 0.2929, 0.2929
139950080.00, 112, 72, 0.2932, 0.2939, 0.2947, 0.2960, 0.2927, 0.2934, 0.2931, 0.2929, 0.2926, 0.2928
139950080.00, 112, 80, 0.2934, 0.2933, 0.2933, 0.2970, 0.2966, 0.2968, 0.2963, 0.2950, 0.2940, 0.2933
139950080.00, 112, 88, 0.2938, 0.2942, 0.2939, 0.2939, 0.2938, 0.2934, 0.2934, 0.2937, 0.2938, 0.2957
139950080.00, 112, 96, 0.2965, 0.2944, 0.2932, 0.2937, 0.2937, 0.2937, 0.2927, 0.2935, 0.2933, 0.2936
139950080.00, 112, 104, 0.2965, 0.2971, 0.2940, 0.2941, 0.2935, 0.2935, 0.2935, 0.2934, 0.2940, 0.2929
139950080.00, 112, 112, 0.2933, 0.2933, 0.2933, 0.2930, 0.2930, 0.2931, 0.2937, 0.3465, 0.3001, 0.2934
139950080.00, 112, 120, 0.2932, 0.2937, 0.2931, 0.2929, 0.2934, 0.2929, 0.2938, 0.2934, 0.2934, 0.2938
139950080.00, 112, 128, 0.2955, 0.2955, 0.2930, 0.2931, 0.2929, 0.2934, 0.2931, 0.2936, 0.2933, 0.2932
139950080.00, 120, 0, 0.3919, 0.3918, 0.3920, 0.3919, 0.3918, 0.3918, 0.3921, 0.3918, 0.3918, 0.3919
139950080.00, 120, 8, 0.2909, 0.2910, 0.2911, 0.2910, 0.2912, 0.2908, 0.2909, 0.2908, 0.2909, 0.2910
139950080.00, 120, 16, 0.2870, 0.2873, 0.2868, 0.2868, 0.2868, 0.2871, 0.2870, 0.2874, 0.2909, 0.2890
139950080.00, 120, 24, 0.2884, 0.2885, 0.2881, 0.2882, 0.2882, 0.2883, 0.2887, 0.2884, 0.2887, 0.2887
139950080.00, 120, 32, 0.2888, 0.2900, 0.2934, 0.2906, 0.2896, 0.2897, 0.2897, 0.2894, 0.2890, 0.2887
139950080.00, 120, 40, 0.2889, 0.2887, 0.2880, 0.2880, 0.2883, 0.2884, 0.2884, 0.2881, 0.2883, 0.2880
139950080.00, 120, 48, 0.2884, 0.2887, 0.2903, 0.2908, 0.2902, 0.2908, 0.2911, 0.2902, 0.2907, 0.2908
139950080.00, 120, 56, 0.2906, 0.2907, 0.2912, 0.2911, 0.2908, 0.2905, 0.2910, 0.2908, 0.2903, 0.2907
139950080.00, 120, 64, 0.2916, 0.2918, 0.2919, 0.2919, 0.2916, 0.2919, 0.2909, 0.2914, 0.2913, 0.2916
139950080.00, 120, 72, 0.2917, 0.2918, 0.2920, 0.2920, 0.2918, 0.2918, 0.2920, 0.2919, 0.2917, 0.2923
139950080.00, 120, 80, 0.2916, 0.2919, 0.2918, 0.2919, 0.2921, 0.2917, 0.2921, 0.2921, 0.2918, 0.2919
139950080.00, 120, 88, 0.2916, 0.2915, 0.2914, 0.2907, 0.2912, 0.2919, 0.2945, 0.2925, 0.2916, 0.2913
139950080.00, 120, 96, 0.2912, 0.2918, 0.2920, 0.2921, 0.2911, 0.2916, 0.2916, 0.2914, 0.2914, 0.2916
139950080.00, 120, 104, 0.2907, 0.2912, 0.2915, 0.2915, 0.2912, 0.2915, 0.2917, 0.2911, 0.2940, 0.2934
139950080.00, 120, 112, 0.2913, 0.2910, 0.2905, 0.2906, 0.2907, 0.2907, 0.2907, 0.2920, 0.2918, 0.2918
139950080.00, 120, 120, 0.2918, 0.2923, 0.2915, 0.2919, 0.2917, 0.2909, 0.2911, 0.2921, 0.2918, 0.2909
139950080.00, 120, 128, 0.2905, 0.2912, 0.2905, 0.2900, 0.2906, 0.2897, 0.2909, 0.2904, 0.2897, 0.2906
139950080.00, 128, 0, 0.3919, 0.3918, 0.3919, 0.3917, 0.3916, 0.3917, 0.3917, 0.3916, 0.3916, 0.3917
139950080.00, 128, 8, 0.2925, 0.2909, 0.2905, 0.2918, 0.2902, 0.2907, 0.2902, 0.2910, 0.2906, 0.2905
139950080.00, 128, 16, 0.2874, 0.2881, 0.2883, 0.2881, 0.2875, 0.2877, 0.2874, 0.2876, 0.2875, 0.2880
139950080.00, 128, 24, 0.2896, 0.2892, 0.2894, 0.2898, 0.2900, 0.2896, 0.2900, 0.2897, 0.2894, 0.2894
139950080.00, 128, 32, 0.2897, 0.2903, 0.2898, 0.2902, 0.2903, 0.2901, 0.2897, 0.2904, 0.2900, 0.2901
139950080.00, 128, 40, 0.2899, 0.2906, 0.2902, 0.2904, 0.2899, 0.2899, 0.2902, 0.2898, 0.2903, 0.2900
139950080.00, 128, 48, 0.2909, 0.2903, 0.2904, 0.2907, 0.2904, 0.2905, 0.2902, 0.2905, 0.2908, 0.2904
139950080.00, 128, 56, 0.2914, 0.2913, 0.2910, 0.2911, 0.2918, 0.2912, 0.2915, 0.2911, 0.2912, 0.2913
139950080.00, 128, 64, 0.2921, 0.2921, 0.2918, 0.2922, 0.2921, 0.2921, 0.2921, 0.2922, 0.2926, 0.2922
139950080.00, 128, 72, 0.2924, 0.2923, 0.2928, 0.2925, 0.2929, 0.2922, 0.2926, 0.2923, 0.2922, 0.2924
139950080.00, 128, 80, 0.2923, 0.2927, 0.2929, 0.2922, 0.2927, 0.2923, 0.2925, 0.2925, 0.2927, 0.2930
139950080.00, 128, 88, 0.2927, 0.2921, 0.2923, 0.2922, 0.2924, 0.2921, 0.2921, 0.2922, 0.2926, 0.2921
139950080.00, 128, 96, 0.2925, 0.2924, 0.2923, 0.2921, 0.2918, 0.2920, 0.2915, 0.2922, 0.2923, 0.2920
139950080.00, 128, 104, 0.2921, 0.2918, 0.2918, 0.2917, 0.2918, 0.2920, 0.2917, 0.2918, 0.2920, 0.2920
139950080.00, 128, 112, 0.2916, 0.2919, 0.2922, 0.2920, 0.2917, 0.2917, 0.2920, 0.2917, 0.2920, 0.2919
139950080.00, 128, 120, 0.2915, 0.2915, 0.2916, 0.2917, 0.2918, 0.2915, 0.2921, 0.2912, 0.2908, 0.2914
139950080.00, 128, 128, 0.2929, 0.2931, 0.2930, 0.2929, 0.2940, 0.2935, 0.2939, 0.2933, 0.2916, 0.2914
